Rank,Youtuber,Subscribers,Video Views,Video Count,Category,Started
1,MrBeast,284000000,52402898889,803,Entertainment,2012
2,T-Series,268000000,2.58624E+11,21237,Music,2006
3,YouTube Movies,181000000,0,0,Film & Animation,2015
4,Cocomelon - Nursery Rhymes,177000000,1.82881E+11,1188,Education,2006
5,SET India,174000000,1.65395E+11,139720,Shows,2006
6,? Kids Diana Show,123000000,1.03973E+11,1230,People & Blogs,2015
7,Music,121000000,0,0,,2013
8,Vlad and Niki,120000000,91646190811,730,Entertainment,2018
9,Like Nastya,116000000,1.01394E+11,886,People & Blogs,2016
10,PewDiePie,111000000,29321159091,4767,Gaming,2010
11,Zee Music Company,108000000,67216985556,11377,Music,2014
12,WWE,102000000,85384982910,77038,Sports,2007
13,Goldmines,97500000,29155729617,8620,Film & Animation,2012
14,BLACKPINK,94000000,36021960664,596,People & Blogs,2016
15,Gaming,93200000,0,0,,2013
16,Sony SAB,93000000,1.15866E+11,86358,Shows,2007
17,ChuChu TV Nursery Rhymes & Kids Songs,91600000,51262420930,800,Education,2013
18,Zee TV,81200000,90000427523,176124,Entertainment,2005
19,5-Minute Crafts,80700000,27434203181,7075,Howto & Style,2016
20,BANGTANTV,78400000,22968911487,2514,Music,2012
21,Baby Shark - Pinkfong Kids’ Songs & Stories,75600000,44257239905,3246,Education,2011
22,HYBE LABELS,75000000,34479738871,1885,Music,2008
23,Sports,74800000,0,0,,2013
24,Colors TV,73400000,71364800889,153513,Shows,2008
25,Justin Bieber,73100000,32308818102,249,Music,2007
26,Shemaroo Filmi Gaane,68700000,29397867987,8605,Music,2010
27,Stokes Twins,68300000,9818385752,306,People & Blogs,2008
28,T-Series Bhakti Sagar,68000000,34189207296,28100,Music,2011
29,Canal KondZilla,67200000,38329586816,2815,Music,2012
30,Tips Official,66600000,39139899623,5902,Music,2007
31,Aaj Tak,65600000,32214581935,368830,News & Politics,2009
32,El Reino Infantil,64600000,60761135038,1486,Music,2011
33,Infobells - Hindi,62600000,36328986679,678,Education,2014
34,Wave Music,62100000,42833762859,20178,Music,2014
35,Movieclips,61500000,62338500436,40704,Film & Animation,2006
36,Sony Music India,60700000,32118521781,4733,Music,2009
37,EminemMusic,60600000,30036530673,166,Music,2007
38,Dude Perfect,60300000,17491404083,439,Sports,2009
39,YRF,60300000,41359440414,4112,Film & Animation,2006
40,Taylor Swift,59300000,35440261917,269,Music,2006
41,ZAMZAM ELECTRONICS TRADING,58300000,26789058165,17774,People & Blogs,2020
42,Toys and Colors,57500000,66644295424,1253,Entertainment,2016
43,Marshmello,57200000,15744870591,485,Entertainment,2015
44,LooLoo Kids - Nursery Rhymes and Children's Songs,57000000,34798159048,849,Music,2014
45,BillionSurpriseToys  - Nursery Rhymes & Cartoons,56800000,11644948752,1064,Education,2013
46,A4,55300000,29012818353,921,Gaming,2014
47,HAR PAL GEO,55100000,54328207503,134922,Entertainment,2008
48,Ed Sheeran,54800000,32437895947,503,Music,2006
49,PANDA BOI,54700000,24455338211,1101,Entertainment,2020
50,Ariana Grande,54300000,26209779791,196,Music,2007
51,ARY Digital HD,54100000,51486376307,140325,Entertainment,2016
52,Mark Rober,53800000,6475616024,158,Science & Technology,2011
53,Shemaroo,53700000,24636720319,12358,Entertainment,2007
54,Fede Vigevani,52000000,14401513141,1335,Howto & Style,2009
55,Billie Eilish,52000000,15885605065,123,Music,2013
56,Get Movies,51200000,33067549283,3514,Entertainment,2006
57,KL BRO Biju Rithvik,50900000,40706264718,2563,Entertainment,2020
58,SonyMusicIndiaVEVO,50700000,31122118160,3747,Music,2009
59,Mikecrack,50400000,18621074107,2043,Gaming,2015
60,JuegaGerman,50300000,15501312729,2181,Gaming,2013
61,YOLO AVENTURAS,49900000,16415333003,2395,People & Blogs,2018
62,Jess No Limit,49800000,6520658024,2948,Entertainment,2017
63,?????? ???????? - Acharya Prashant,49400000,2688506741,10380,,2014
64,???? ? ???????,48600000,40438782884,1722,Film & Animation,2011
65,Masha and The Bear,48300000,28431795814,1450,Shows,2014
66,ABS-CBN Entertainment,48300000,54986977484,226640,People & Blogs,2008
67,BETER BÖCÜK,47900000,28622092736,4786,Gaming,2012
68,Bad Bunny,47900000,35362414855,155,Music,2014
69,Voot Kids,47600000,22839748825,5890,Entertainment,2016
70,Fernanfloo,47500000,10605462479,546,Gaming,2011
71,Badabun,47400000,19765389240,21995,Entertainment,2014
72,Alan Chikin Chow,46600000,40460365398,1246,Comedy,2020
73,Felipe Neto,46400000,17712289572,4925,Entertainment,2006
74,Shakira,46200000,30347249853,358,People & Blogs,2005
75,Ricis Official,46100000,7786094884,4398,People & Blogs,2016
76,Alan Walker,45600000,14258353183,584,Music,2012
77,Você Sabia?,45500000,8119307582,1687,Entertainment,2013
78,Ishtar Music,45400000,19419638399,4626,Trailers,2005
79,Kimberly Loaiza,45100000,6597708496,316,People & Blogs,2016
80,Katy Perry,45000000,26798028090,144,Music,2008
81,whinderssonnunes,44700000,4522683019,783,Comedy,2013
82,shfa2 - ???,44600000,27804707665,1768,People & Blogs,2017
83,BRIGHT SIDE,44600000,11165155212,8047,Howto & Style,2017
84,LUCCAS NETO - LUCCAS TOON,44200000,25470880016,2750,People & Blogs,2014
85,Speed Records,44200000,29000798133,11516,Music,2012
86,MrBeast Gaming,44100000,7916637953,141,Gaming,2020
87,ABP NEWS,43900000,17362857759,383685,People & Blogs,2012
88,StarPlus,43800000,43994062628,92596,Entertainment,2006
89,HolaSoyGerman.,43800000,4892742237,136,Entertainment,2011
90,MrBeast 2,43300000,6749695321,114,People & Blogs,2020
91,Rihanna,43300000,24335682178,88,Entertainment,2005
92,Like Nastya Show,43300000,20515455364,713,Entertainment,2017
93,shfa,43300000,25240435750,1128,People & Blogs,2015
94,Sony PAL,43100000,32905352450,28501,Shows,2014
95,Luisito Comunica,42800000,9785404269,1362,Comedy,2012
96,Maria Clara & JP,42700000,27843362220,824,People & Blogs,2015
97,DaFuq!?Boom!,42300000,16779938358,295,Film & Animation,2016
98,Goldmines Gaane Sune Ansune,42300000,19053313457,3812,Music,2015
99,Total Gaming,42200000,4267209662,503,Gaming,2018
100,CarryMinati,42200000,3777339775,197,Comedy,2014
101,Super Simple Songs - Kids Songs,42000000,51028475021,793,Education,2006
102,IndiaTV,41800000,20418868849,306269,News & Politics,2006
103,Dushyant kukreja,41700000,25355477656,1202,Entertainment,2015
104,Real fools shorts official,41600000,18026197031,565,People & Blogs,2021
105,???KIMPRO,41400000,39989883613,3230,People & Blogs,2017
106,Saregama Music,41400000,19723045529,8801,Entertainment,2013
107,Alejo Igoa,41400000,17097789779,1075,Comedy,2014
108,TheDonato,41100000,7567713758,3518,Entertainment,2015
109,Genevieve's Playhouse - Learning Videos for Kids,41100000,30940999892,642,Education,2016
110,Little Baby Bum - Nursery Rhymes & Kids Songs,41000000,40511633246,2668,Education,2011
111,WorkpointOfficial,41000000,38572625814,84798,Entertainment,2012
112,TEDx Talks,40900000,7908072755,217720,Nonprofits & Activism,2009
113,Techno Gamerz,40900000,11885843855,1040,Gaming,2017
114,PowerKids TV,40900000,21689007349,8132,Film & Animation,2014
115,GR6 EXPLODE,40800000,28252318887,3375,Music,2014
116,T-Series Bollywood Classics,40800000,26699949599,2061,Music,2012
117,YouTube,40700000,2876535428,727,News & Politics,1970
118,Shorts Break,40600000,28028920749,624,Comedy,2021
119,XXXTENTACION,40500000,11072517534,135,Music,2015
120,Vlad và Niki,40500000,25658565309,604,,2018
121,???? one31,40500000,28450417853,145242,Entertainment,2013
122,Like Nastya ESP,40400000,20034679150,856,Entertainment,2017
123,elrubiusOMG,40300000,7450255112,702,Gaming,2011
124,MR. INDIAN HACKER,40200000,7059142272,1031,Science & Technology,2012
125,Ultra Bollywood,40100000,16051919680,9399,Trailers,2009
126,La Granja de Zenón,40000000,31299646193,746,Music,2013
127,AboFlah,39900000,5917758614,708,Gaming,2016
128,HUM TV,39600000,33482311946,143512,Entertainment,2011
129,Jingle Toons,39400000,13070438462,254,Film & Animation,2013
130,Daddy Yankee,39000000,24619906597,558,Music,2011
131,Akshay Nagwadiya,38700000,12285133881,913,Entertainment,2017
132,One Direction,38600000,14338673594,157,Music,2010
133,Frost Diamond,38600000,9391300398,3369,Gaming,2014
134,Alfredo Larin,38400000,30664895336,1780,Entertainment,2017
135,LankyBox,38200000,43383319023,11668,Comedy,2016
136,TheEllenShow,38200000,23177250521,16953,Entertainment,2006
137,Bruno Mars,38100000,21239189125,100,Music,2006
138,Jkk Entertainment,37900000,16959569885,236,Comedy,2017
139,Gulshan Kalra,37200000,16562408810,671,Howto & Style,2018
140,Ryan's World,37200000,57768805062,2835,Entertainment,2015
141,Maroon 5,37000000,24103378959,183,Music,2006
142,Ozuna,36800000,24955636109,233,Music,2016
143,BabyBus - Kids Songs and Cartoons,36800000,28837128283,2448,Education,2016
144,Markiplier,36700000,21532398718,5602,Gaming,2012
145,WowKidz,36700000,19640525108,8013,Film & Animation,2015
146,T-Series Apna Punjab,36700000,23738047158,8550,Music,2011
147,KAROL G,36500000,24126232593,161,Music,2013
148,Enaldinho,36400000,15755538542,4330,Comedy,2012
149,Junya.????,36400000,21951036959,8343,Entertainment,2020
150,Heroindori,36300000,13089545100,662,Comedy,2020
151,Rajshri,36300000,16642089302,4412,Music,2006
152,Zee News,36200000,21616119900,176845,News & Politics,2007
153,News,36100000,0,0,,2013
154,Galinha Pintadinha,36000000,32404387400,65,Film & Animation,2006
155,CVS 3D Rhymes & Kids Songs,35900000,21931716421,338,Education,2008
156,Diana and Roma ESP,35700000,14668574240,665,,2016
157,Peppa Pig - Official Channel,35600000,26062874802,6638,Film & Animation,2013
158,GMA  Network,35500000,27497575024,139562,Entertainment,2006
159,LeoNata Family,35500000,37896322114,3359,People & Blogs,2021
160,Zhong,35400000,16935567078,1747,Entertainment,2015
161,Lucas and Marcus,35300000,14434949290,1792,Entertainment,2011
162,Geet MP3,35300000,13760583676,740,Music,2016
163,The Weeknd,35200000,27429571118,172,Music,2011
164,Spider Slack,35100000,19677595208,1251,Comedy,2020
165,? Kids Roma Show,35100000,14132618019,718,People & Blogs,2015
166,Priyal Kukreja,35000000,21113093115,1080,People & Blogs,2021
167,Ch3Thailand,35000000,22871535977,79599,Entertainment,2014
168,Worldwide Records Bhojpuri,34900000,18189377681,7213,Music,2012
169,DisneyMusicVEVO,34900000,32116374240,2352,Music,2010
170,Selena Gomez,34600000,14136172748,193,Film & Animation,2008
171,SSSniperWolf,34500000,25114109543,3590,Gaming,2013
172,Zach King,34500000,13497716163,646,Entertainment,2013
173,tuzelity SHUFFLE,34400000,13974270574,1068,People & Blogs,2015
174,J Balvin,34400000,24243577307,216,Music,2011
175,Juan De Dios Pantoja,34400000,3951213994,391,Entertainment,2014
176,VEGETTA777,34100000,15801197359,7994,Gaming,2008
177,Dangal TV Channel,34100000,23375426719,31764,Entertainment,2017
178,Eros Now Music,34000000,17769870210,9733,Entertainment,2007
179,Desi Music Factory,33900000,10625905566,193,Music,2014
180,Beast Reacts,33900000,6109650398,238,People & Blogs,2016
181,Masha y el Oso,33900000,16622803589,1351,Film & Animation,2016
182,Anaya Kandhal,33800000,28804490214,1390,Entertainment,2016
183,KHANDESHI MOVIES,33800000,11731154139,235,Comedy,2013
184,NoCopyrightSounds,33700000,11150376358,1686,Music,2011
185,Jason Derulo,33600000,24247374606,3223,Music,2008
186,rezendeevil,33500000,13477194903,12181,Gaming,2012
187,mujjuu___14,33500000,18794964268,1086,People & Blogs,2020
188,Round2hell,33400000,3426509357,68,Comedy,2016
189,Mr Bean,33300000,11231538706,3498,Shows,2006
190,Marta and Rustam,33200000,27750131487,1105,Comedy,2021
191,ISSEI / ????,33100000,28354232639,2771,Comedy,2014
192,Aditya Movies,33000000,12730992827,7831,Movies,2012
193,????? ?? ??????,32900000,19248224443,622,,2018
194,Pokémon Asia Official (Hindi),32800000,1696679322,318,People & Blogs,2017
195,unknown boy varun,32800000,13270630673,708,Music,2016
196,DONA ??,32800000,22345190578,174,Entertainment,2018
197,Shemaroo Movies,32600000,8977349981,3404,Entertainment,2011
198,SMTOWN,32500000,29563601046,4369,Music,2006
199,Celine Dept,32400000,17837303631,792,Sports,2023
200,Aditya Music,32300000,30007296856,23753,Music,2008
201,Ian Lucas,32300000,3503851233,466,Entertainment,2014
202,Willie Salim,32100000,5254558575,945,People & Blogs,2014
203,Little Angel: Nursery Rhymes & Kids Songs,32000000,24351375493,1547,Education,2015
204,infobells - Telugu,31900000,17311274930,604,Education,2014
205,Dream,31900000,3119509024,116,Gaming,2014
206,GENIAL,31900000,6984361844,8269,Howto & Style,2017
207,That Little Puff,31900000,26705210916,931,Pets & Animals,2020
208,Topper Guild,31800000,19097996802,998,Comedy,2014
209,Luis Fonsi,31800000,15786019512,300,Entertainment,2014
210,Talking Tom,31800000,16245122588,655,Comedy,2010
211,ImagineDragons,31700000,18710531355,143,Music,2009
212,Goldmines Dishoom,31700000,9805453763,4921,Film & Animation,2016
213,Sagawa /???,31700000,25316833225,8536,Entertainment,2021
214,Brent Rivera,31700000,8595224162,664,Comedy,2009
215,infobells - Tamil,31700000,19800216985,654,Education,2014
216,The Tonight Show Starring Jimmy Fallon,31600000,17669126576,10375,Comedy,2006
217,Tilak,31500000,12654029779,10135,Film & Animation,2020
218,NichLmao,31500000,17169348561,1073,People & Blogs,2018
219,???? ???? ????? | toyoraljanahtv,31500000,29008044977,3342,Entertainment,2008
220,AH,31400000,5201341332,3996,Entertainment,2014
221,JustinBieberVEVO,31400000,27833664479,204,Music,2009
222,Adele,31300000,15596741024,15,Music,2008
223,Karla Bustillos,31200000,8036354148,1145,Entertainment,2019
224,BeatboxJCOP,31200000,13982116924,986,Film & Animation,2011
225,Spinnin' Records,31200000,20784466117,12257,Music,2007
226,MaviGadget,31000000,27964326089,5004,Entertainment,2017
227,Ishaan Ali 11,30900000,17994765414,1310,People & Blogs,2016
228,Indosiar,30900000,6101606698,7732,Music,2013
229,Boram Tube Vlog [???? ????],30700000,13778970272,233,Entertainment,2012
230,Goldmines Bollywood,30700000,10070673770,4762,Film & Animation,2015
231,jacksepticeye,30700000,16787475333,5197,Gaming,2007
232,Tsuriki Show,30600000,38117604163,4043,Entertainment,2019
233,Daniel LaBelle,30600000,17191293740,336,Comedy,2009
234,Crazy XYZ,30600000,8992174741,1361,Entertainment,2017
235,Ultra Records,30600000,17647496152,5074,Music,2006
236,Michael Jackson,30400000,16028438175,17,Music,2005
237,Azhan5star,30400000,12498960147,896,Entertainment,2021
238,ashish chanchlani vines,30400000,4768683812,157,Comedy,2009
239,D Billions,30400000,39040881963,1067,Entertainment,2019
240,Trap Nation,30300000,14463541539,2885,Music,2012
241,Chotanawab,30300000,13926862038,2074,Entertainment,2021
242,Nick Jr.,30200000,24070878821,5496,Film & Animation,2012
243,Shawn Mendes,30200000,13709417105,133,Music,2011
244,Drake,30000000,17891064240,64,Music,2009
245,The Lallantop,30000000,12598490747,56155,News & Politics,2015
246,Maluma,30000000,23147809760,46,Music,2018
247,Kids TV - Nursery Rhymes And Baby Songs,29800000,14713485059,4089,Shows,2013
248,Yoeslan,29600000,26500754560,1004,Entertainment,2020
249,Mr DegrEE,29600000,25890616366,1693,Science & Technology,2017
250,Bounce Patrol - Kids Songs,29500000,22680411003,377,Music,2013
251,JYP Entertainment,29200000,22630855201,2101,Music,2008
252,toycantando,29200000,17703924735,802,Music,2009
253,Popular on YouTube,29100000,0,0,,2013
254,AuronPlay,29100000,4132445357,402,Comedy,2006
255,Ami Rodriguez,29000000,4787077534,626,Entertainment,2009
256,DanTDM,28800000,19853632337,3712,Gaming,2012
257,YOLO,28600000,2158655393,292,Comedy,2015
258,Sandeep Maheshwari,28500000,2438433881,636,People & Blogs,2012
259,Wiz Khalifa,28400000,14271688736,747,Music,2008
260,Zach Choi ASMR,28400000,9521422956,1345,People & Blogs,2014
261,dednahype,28400000,28512901552,3130,Comedy,2020
262,Netflix,28400000,8545522203,7353,Entertainment,2012
263,Renato Garcia YT,28400000,8752544696,4403,Entertainment,2011
264,The Late Late Show with James Corden,28400000,10137027249,5788,Entertainment,2006
265,ABPLIVE,28300000,9543716380,224133,People & Blogs,2017
266,America's Got Talent,28200000,4714079417,2102,Entertainment,2006
267,Ben Azelart,28200000,6686579352,344,Film & Animation,2014
268,Raffy Tulfo in Action,28000000,16344408397,11280,News & Politics,2016
269,Diana and Roma ARA,27900000,12658463010,676,,2019
270,WB Kids,27800000,12673833724,2274,People & Blogs,2015
271,Alan Becker,27800000,6965178285,201,Film & Animation,2006
272,Danny Fitt,27700000,12987249457,2711,People & Blogs,2016
273,Sun TV,27500000,29187582080,92380,People & Blogs,2016
274,ZHC,27400000,3287424015,319,Film & Animation,2013
275,enchufetv,27400000,10707074174,2085,Comedy,2011
276,Diana and Roma HIN,27300000,12543917423,665,,2019
277,Neetu Bisht,27300000,19683025360,2298,Entertainment,2011
278,ToyPuddingTV,27200000,16218069188,2415,Entertainment,2014
279,Pen Movies,27200000,7983228056,1756,Film & Animation,2014
280,shfa show India,27100000,18107468453,558,,2019
281,Sourav Joshi Vlogs,27100000,12922162182,1724,People & Blogs,2019
282,Post Malone,27100000,16471351020,113,Music,2011
283,Beyoncé,27100000,18949611452,254,Music,2005
284,Dan Rhodes,27000000,18832044194,1664,Entertainment,2015
285,Sujal Thakral,26900000,5424622341,616,Comedy,2014
286,Nicki Minaj,26900000,11255152765,72,Music,2013
287,WORLDSTARHIPHOP,26900000,21082436768,7121,Music,2008
288,Filmy Suraj Actor,26800000,12703097229,317,Entertainment,2023
289,Vania Mania Kids,26700000,12955387897,1240,People & Blogs,2015
290,Bobby chourasiya,26700000,13654860134,540,People & Blogs,2019
291,Anuel AA,26700000,17372718538,155,Music,2016
292,Chris Brown,26700000,17376032740,56,Music,2006
293,Bayashi TV,26600000,15640592250,1328,Entertainment,2021
294,Preston,26600000,10008222274,4121,Gaming,2012
295,Smosh,26600000,10813309677,1861,Comedy,2005
296,_vector_,26600000,18636712467,545,Comedy,2019
297,David Guetta,26600000,19489890616,859,Music,2009
298,Rafa & Luiz,26500000,9489593240,3546,Entertainment,2015
299,Goldmines Movies,26500000,6574407444,5795,Film & Animation,2013
300,Like Nastya AE,26500000,13440304618,753,Entertainment,2018
301,Kidibli (Kinder Spielzeug Kanal),26500000,13635954525,1195,Entertainment,2015
302,Marília Mendonça,26500000,19717328070,200,Music,2013
303,LosPolinesios,26400000,7965508190,1074,People & Blogs,2012
304,BB Ki Vines,26400000,4973008729,192,Entertainment,2015
305,Ultra Movie Parlour,26400000,5421154917,1979,Movies,2011
306,Diana and Roma EN,26400000,8721829142,595,People & Blogs,2011
307,Coldplay,26400000,19257939940,430,Music,2010
308,Vlad and Niki IDN,26300000,12377599605,587,,2018
309,1MILLION Dance Studio,26300000,8230254071,7522,Entertainment,2015
310,TRANS7 OFFICIAL,26200000,15317644976,98004,Entertainment,2014
311,Maya and Mary,26200000,7341043877,561,Entertainment,2013
312,News18 India,26200000,12562843598,260736,News & Politics,2007
313,Peppa Pig Español Latino - Canal Oficial,26100000,9196907164,1574,Film & Animation,2014
314,Rans Entertainment,26100000,6821639296,4259,People & Blogs,2015
315,BigSchool,26000000,11455874043,3931,Gaming,2019
316,Vlad and Niki ESP,25900000,10615544155,605,,2018
317,VanossGaming,25900000,16045515860,1921,Gaming,2011
318,FaZe Rug,25900000,8751293350,2317,Gaming,2012
319,jaanvi patel,25900000,11300553288,639,People & Blogs,2018
320,MrBeast en Español,25800000,3009699303,67,Entertainment,2021
321,LIV Crime,25800000,13625068218,15481,People & Blogs,2020
322,Venus Entertainment,25700000,6120725721,1983,Entertainment,2010
323,The geeta gurjar,25500000,19875511851,1700,Entertainment,2021
324,TaylorSwiftVEVO,25500000,28386099648,307,Music,2009
325,netd müzik,25500000,61304856856,25685,Music,2014
326,Caín Guzmán,25500000,13107037686,3683,Entertainment,2016
327,SMOL,25500000,25762589821,5411,People & Blogs,2021
328,Las Ratitas,25400000,9898714808,225,People & Blogs,2015
329,Aja Kitchen,25400000,15498785456,1927,Entertainment,2021
330,toyorbabytv,25400000,18624386304,1300,Music,2012
331,WatchMojo.com,25400000,16879097237,27222,Music,2007
332,IShowSpeed,25300000,2534648632,1406,Gaming,2016
333,Chloe Ting,25300000,3195399344,443,Howto & Style,2011
334,Pawan Sahu,25300000,11234706438,1928,,2017
335,Hamster Kombat,25100000,334389615,126,People & Blogs,2024
336,BabyBus - Canciones Infantiles & Videos para Niños,25100000,14715233413,1505,Education,2018
337,The Royalty Family,25000000,8153839062,779,People & Blogs,2017
338,Village Cooking Channel,25000000,7391196323,237,Howto & Style,2018
339,Chapitosiki,24900000,23456792168,3850,Entertainment,2020
340,Vlad and Niki Arabic,24900000,11785002628,616,,2018
341,RihannaVEVO,24900000,20480917809,118,Music,2009
342,Filaretiki,24900000,25161837765,3468,People & Blogs,2021
343,Goldmines Cineplex,24800000,3213570348,4380,Film & Animation,2015
344,Beast Philanthropy,24800000,811834607,43,People & Blogs,2020
345,Koray Zeynep,24800000,23243247645,3326,People & Blogs,2016
346,1theK (????),24800000,25248708175,20106,Music,2011
347,DUDU e CAROL,24700000,12477465488,3040,Autos & Vehicles,2013
348,Wave Music Bhojpuri,24700000,14360305008,23829,Music,2014
349,Yuya,24700000,2591854738,672,Howto & Style,2009
350,Miss Katy,24700000,15654857124,1091,People & Blogs,2014
351,Enrique Iglesias,24600000,19059785058,525,Music,2007
352,TED,24600000,2725940295,4740,People & Blogs,2006
353,Narendra Modi,24600000,5721879194,26997,News & Politics,2007
354,EminemVEVO,24600000,22117339041,106,Music,2009
355,KatyPerryVEVO,24500000,24642699757,167,Music,2009
356,BEN EAGLE,24500000,12073427908,4426,Entertainment,2021
357,Mister Max,24500000,16094889854,1147,People & Blogs,2014
358,Sidhu Moose Wala,24500000,7567332841,116,Music,2017
359,Valentina Pontes ofc,24500000,8740327902,1959,Film & Animation,2014
360,Amit Bhadana,24400000,2471067530,112,Entertainment,2012
361,Soy Suco,24400000,4281848648,769,Gaming,2017
362,DJ Snake,24400000,9019443750,297,Music,2008
363,ViralHog,24400000,29804582349,46908,People & Blogs,2014
364,Vijay Television,24300000,40789804804,74194,Entertainment,2007
365,Eva Bravo Play,24200000,11225887630,324,Entertainment,2019
366,CuRe ??,24200000,16225356310,478,Comedy,2021
367,Unbox Therapy,24200000,4703492992,2319,Science & Technology,2010
368,invictor,24200000,9484617906,2595,Gaming,2013
369,Like Nastya PRT,24200000,12988202937,743,Entertainment,2019
370,GMM GRAMMY OFFICIAL,24100000,27195199241,17216,Music,2010
371,KSI,24100000,6015064768,1252,Entertainment,2009
372,Netflix India,24100000,9907207411,4639,People & Blogs,2016
373,Lady Gaga,24100000,17265860259,179,People & Blogs,2008
374,Disney Latinoamérica,24100000,22293073309,8310,Entertainment,2007
375,Jake Fellman,24000000,15313277625,441,Entertainment,2012
376,Collins Key,24000000,6815206179,257,Entertainment,2011
377,NickyJamTV,23900000,16745620577,472,Music,2012
378,Troom Troom,23900000,10367409593,2730,Howto & Style,2015
379,Super JoJo - Nursery Rhymes & Kids Songs,23900000,0,0,,2019
380,Ishtar Punjabi,23900000,11944841316,6428,Entertainment,2014
381,SOMOY TV,23900000,16148644480,198970,News & Politics,2015
382,Sony AATH,23900000,17730467073,22086,Shows,2013
383,???? ?????? tarik alhalapi,23900000,13560874288,1154,Entertainment,2019
384,Sesame Street,23900000,23988212754,3732,Entertainment,2006
385,Ninja,23800000,2674530721,2037,Gaming,2011
386,James Charles,23800000,4385121146,584,Entertainment,2015
387,SSundee,23800000,15261004118,3535,Gaming,2009
388,deepesh zo,23800000,9946824528,873,People & Blogs,2021
389,Mariano Razo,23700000,12177702963,811,Entertainment,2021
390,Nick Pro,23600000,9285795217,730,Sports,2010
391,Rotana,23600000,22564386221,8766,Music,2012
392,Dua Lipa,23600000,13183103352,273,Music,2011
393,Susy Mouriz,23600000,10111758211,1673,Entertainment,2017
394,Jelly,23600000,15097835047,6445,Gaming,2014
395,Technical Guruji,23500000,3691957035,5475,Science & Technology,2015
396,Logan Paul,23500000,6007122175,718,Entertainment,2015
397,GMA Public  Affairs,23500000,14794725260,47403,Entertainment,2009
398,Tlnovelas,23500000,17433052398,54516,News & Politics,2013
399,DrossRotzank,23400000,6360006337,1701,Entertainment,2006
400,Jordan Matter,23400000,8158026297,466,Entertainment,2006
401,Sia,23400000,14483395240,268,Music,2007
402,??? Seungbini,23400000,17310272486,476,People & Blogs,2021
403,FGTeeV,23300000,24962673389,1827,Gaming,2013
404,7clouds,23300000,18042920476,2712,Music,2013
405,Taarak Mehta Ka Ooltah Chashmah,23300000,17986253838,10032,Entertainment,2014
406,Justin Flom,23300000,21148246283,943,Entertainment,2006
407,ToRung,23200000,15750785099,287,Entertainment,2017
408,Khan GS Research Centre,23200000,2349240148,379,Education,2019
409,Pragati Verma Shorts,23200000,10023878406,1165,Comedy,2019
410,National Geographic,23200000,6026176322,10477,Science & Technology,2006
411,Minecraft - Topic,23200000,0,0,,2013
412,Wow Kidz Action,23200000,10043437019,3913,Film & Animation,2017
413,mmoshaya,23100000,18230048821,1223,People & Blogs,2010
414,Pink Shirt Girl,23000000,11695707712,1092,Entertainment,2015
415,Infinite,23000000,5696678831,1673,Entertainment,2014
416,RKD Studios,23000000,5763740869,942,Entertainment,2014
417,Panda Shorts,23000000,10608072608,970,Comedy,2020
418,BabyBus - Cerita & Lagu Anak-anak,23000000,13679754844,1185,Education,2019
419,Younes Zarou,23000000,20411844173,3245,Entertainment,2021
420,Happy Monkey,22900000,1695,1,Science & Technology,2016
421,Kritika Channel,22900000,17538679092,4455,People & Blogs,2021
422,Republic Bharat,22900000,12412814922,173674,News & Politics,2019
423,DeGoBooM,22800000,7190931762,5473,Gaming,2014
424,Deddy Corbuzier,22800000,6075071046,1626,Entertainment,2009
425,Goldmines Great Indian Comedy,22800000,6333179004,4119,Film & Animation,2016
426,Paulo Londra,22700000,8725587487,66,Music,2016
427,The Chainsmokers,22700000,15017385756,218,Music,2012
428,Rubén Tuesta oficial,22600000,14002030879,1189,Comedy,2016
429,Dhruv Rathee,22600000,2954579022,625,Entertainment,2013
430,ILYA BORZOV,22500000,14279799168,2637,People & Blogs,2021
431,Kiddiestv Hindi - Nursery Rhymes & Kids Songs,22500000,8101817736,260,Education,2017
432,Charlie Puth,22500000,10915526749,163,Music,2009
433,Busy Fun Ltd,22500000,9434153975,253,,2019
434,Kurzgesagt – In a Nutshell,22500000,2800131013,233,Education,2013
435,????? - Genevieve's Playhouse,22500000,12180061255,120,Education,2018
436,Ajay Sharma,22500000,14219681967,1188,Entertainment,2012
437,ANNA KOVA,22500000,21225650278,3952,People & Blogs,2020
438,Triggered Insaan,22300000,4072118537,345,Comedy,2014
439,Bispo Bruno Leonardo,22300000,5557023219,6286,Nonprofits & Activism,2016
440,Bizarrap,22200000,9241100888,89,Comedy,2017
441,MiawAug,22200000,6872543361,4079,Gaming,2014
442,Tekashi 6ix9ine,22200000,6349928074,61,People & Blogs,2018
443,Tappu Honey Parmar,22200000,9422402979,2208,Music,2022
444,Smile Family,22100000,8879309465,751,People & Blogs,2018
445,Lyrical Lemonade,22100000,11446237288,441,Entertainment,2013
446,El Payaso Plim Plim,22100000,23860605222,1632,Film & Animation,2013
447,LazarBeam,22000000,9427786164,1345,Gaming,2015
448,Ninja Kidz TV,22000000,12252742318,325,Entertainment,2017
449,Dhar Mann Studios,22000000,14831349337,1299,People & Blogs,2018
450,Becky G,21900000,11653165841,90,Music,2011
451,Vsauce,21900000,4210380702,536,Science & Technology,2007
452,Fatos Desconhecidos,21900000,4198701599,7085,Entertainment,2013
453,How Ridiculous,21800000,12580836932,723,Sports,2009
454,NBA,21800000,14133850347,58461,Sports,2005
455,Nasya Official,21800000,11263566913,944,,2020
456,News 24,21800000,11488608887,296796,News & Politics,2014
457,GH'S,21800000,16632894177,864,Gaming,2020
458,And TV,21800000,19300760157,48063,Entertainment,2015
459,the Ludo facts,21700000,4969252781,1287,,2022
460,Ravi sagar88,21700000,8887407588,1930,Entertainment,2018
461,Prime Video India,21700000,11479720130,10309,Entertainment,2016
462,OneDirectionVEVO,21700000,12649946332,266,Music,2010
463,Romeo Santos,21700000,19282604430,56,Music,2005
464,Yudist Ardhana,21600000,8679185899,3999,Entertainment,2016
465,XO TEAM,21500000,18270658133,5539,People & Blogs,2021
466,Naisa Alifia Yuriza (N.A.Y),21400000,504514278,180,People & Blogs,2017
467,Baim Paula,21400000,4660788889,2475,People & Blogs,2016
468,Linkin Park,21400000,15103016841,807,Music,2006
469,Brave Wilderness,21400000,5146328711,1013,Pets & Animals,2014
470,Tasty,21400000,6141542377,5367,Howto & Style,2016
471,CookieSwirlC,21300000,8468952675,1386,Entertainment,2013
472,BigChungus,21300000,4122824348,696,Entertainment,2020
473,Noman Official,21300000,7294227753,830,Comedy,2019
474,Sidemen,21300000,6255745579,361,Entertainment,2015
475,José Comilão,21200000,2180278735,292,Film & Animation,2014
476,Natan por Aí,21200000,14660036779,1531,Sports,2017
477,Dr. Vivek Bindra: Motivational Speaker,21200000,1945428465,1341,Education,2013
478,Chuster,21200000,3647332270,885,Entertainment,2015
479,Emiway Bantai,21200000,3923245813,266,Music,2013
480,MSA previously My Story Animated,21200000,9981262944,915,Film & Animation,2019
481,Mau McMahon,21100000,4748593434,884,Entertainment,2018
482,FIFA,21100000,6589156906,11350,Sports,2006
483,Official Pink Panther,21100000,11911089146,815,Film & Animation,2013
484,etvteluguindia,21100000,25934248202,141772,Entertainment,2010
485,Mnet K-POP,21000000,16401443032,37969,Entertainment,2006
486,Masha e o Urso,21000000,9526429178,1367,Shows,2016
487,Robin Hood Gamer,21000000,11040473450,4320,Entertainment,2014
488,???? ????? ????? | Arab Games Network,21000000,9545542817,7269,Gaming,2013
489,Green Gold TV - Official Channel,21000000,10130019114,1828,Film & Animation,2011
490,Avicii,21000000,11010943271,179,Music,2009
491,Salman Noman,20900000,12170436886,1061,Entertainment,2013
492,DLS News,20900000,2760532672,5736,News & Politics,2017
493,Noor Stars,20900000,2942996061,712,Comedy,2014
494,?????,20900000,3291850144,599,People & Blogs,2019
495,nigahiga,20900000,4397186446,403,Entertainment,2006
496,Aphmau,20800000,22443721218,4955,Gaming,2012
497,Canal Canalha,20800000,1913573875,301,Comedy,2011
498,SlivkiShow,20800000,5013710774,487,Entertainment,2012
499,Got Talent Global,20800000,2605376381,1438,Entertainment,2013
500,Kajal Soni,20800000,9035908754,1016,People & Blogs,2021
501,SCTV,20800000,8704054250,43042,Entertainment,2011
502,Gusttavo Lima Oficial,20700000,15959379589,590,Music,2010
503,Jake Paul,20700000,7598629937,1338,People & Blogs,2013
504,Like Nastya Vlog,20700000,9450631755,611,People & Blogs,2016
505,Gordon Ramsay,20700000,4147359864,1733,Entertainment,2006
506,SUPER SLICK SLIME SAM,20700000,8322025966,1192,Howto & Style,2018
507,Bebefinn - Nursery Rhymes & Kids Songs,20700000,9845179349,537,,2022
508,boxtoxtv,20700000,15519511496,1250,Comedy,2022
509,Clash of Clans,20600000,4567565303,877,Gaming,2013
510,Smile Family Spanish,20600000,7663556125,568,,2019
511,SatoshiSea,20500000,2481055,5,,2021
512,5-Minute Crafts DIY,20500000,5165985763,6147,Howto & Style,2018
513,Marvel Entertainment,20500000,5995537882,8966,Entertainment,2005
514,Vijay Kumar Viner Vlogs,20500000,10456930689,2072,Entertainment,2019
515,Britain's Got Talent,20400000,11783237248,4659,Entertainment,2008
516,TV9 Bharatvarsh,20400000,14276517914,386195,People & Blogs,2018
517,Skrillex,20300000,6883399569,250,Music,2010
518,Troom Troom Es,20300000,7690544582,3157,People & Blogs,2016
519,Tibo InShape,20300000,13471255152,3231,Sports,2008
520,AS Gaming,20200000,3042178139,1475,Gaming,2016
521,vlogger varun,20200000,7482365211,595,Entertainment,2018
522,Little Angel Español - Canciones Infantiles,20200000,11262719035,925,Education,2018
523,Pentatonix,20200000,6317025113,286,Music,2011
524,Shemaroo Comedy,20200000,6766853648,5330,Entertainment,2007
525,albert_cancook,20200000,14687934914,711,Howto & Style,2020
526,TED-Ed,20100000,3970243243,2168,Education,2011
527,5-Minute Crafts PLAY,20100000,6409394732,6479,Howto & Style,2017
528,AuthenticGames,20100000,8958229441,5093,Gaming,2011
529,tabii Urdu,20100000,9908661718,1947,Entertainment,2020
530,Blippi - Educational Videos for Kids,20100000,14726780195,950,Education,2014
531,Turma da Mônica,20000000,13175956833,1147,Film & Animation,2012
532,Painzeiro,20000000,3579769333,1244,People & Blogs,2015
533,Pencilmation,20000000,11499330188,1674,Film & Animation,2007
534,Vevo,20000000,575417907,1718,Music,2006
535,GOLU008,20000000,8686667664,1072,People & Blogs,2017
536,BuzzFeedVideo,20000000,18030581074,7901,People & Blogs,2011
537,SonyMusicSouthVEVO,20000000,21002220580,6313,Music,2014
538,scottsreality,20000000,26379741300,1826,Entertainment,2021
539,REACT,20000000,13422130306,4941,Entertainment,2007
540,Family GamesTV,19900000,1424,1,Entertainment,2016
541,???????????,19900000,10326234708,521,Entertainment,2014
542,Peet Montzingo,19900000,14647854863,429,People & Blogs,2014
543,Like Nastya VNM,19800000,11156826541,694,Entertainment,2019
544,Les' Copaque Production,19800000,10484211281,2054,Film & Animation,2009
545,Vilmei,19800000,5938846406,2366,,2013
546,Sonotek,19800000,7966428685,8372,Entertainment,2011
547,Fun For Kids TV - Hindi Rhymes,19800000,8798861728,195,Entertainment,2017
548,Jason Vlogs,19800000,11451801435,934,Education,2015
549,GRAMMY GOLD OFFICIAL,19800000,22174977218,7167,Music,2014
550,TheOdd1sOut,19800000,4964387792,155,Comedy,2014
551,Matheus Kriwat,19700000,3171879096,836,Entertainment,2020
552,La Granja del Borrego,19700000,3944828133,382,Pets & Animals,2020
553,??? Liziqi,19700000,3181105293,128,Howto & Style,2017
554,KBS WORLD TV,19700000,16341390535,70861,Entertainment,2007
555,JukiLop,19600000,1597514587,85,People & Blogs,2017
556,Disney Junior,19600000,19126552929,4759,Entertainment,2008
557,JennaMarbles,19600000,1832430192,250,Comedy,2010
558,HaerteTest,19600000,3330848865,1573,Science & Technology,2011
559,Cute.Shivani.05,19600000,7103156460,988,People & Blogs,2021
560,Saito,19500000,19651476754,5601,Entertainment,2021
561,DEV Ke Facts,19500000,4780924620,491,,2012
562,Jimmy Kimmel Live,19500000,13717876728,6873,Entertainment,2006
563,HiMan,19500000,3167316320,430,People & Blogs,2014
564,Supercar Blondie,19500000,9218587993,1197,Autos & Vehicles,2007
565,Ricky Limon,19500000,6901018882,1108,Entertainment,2012
566,Jesser,19400000,5022121415,1381,Gaming,2012
567,??TwinsFromRussia,19400000,10613306472,8358,People & Blogs,2011
568,Farruko,19400000,10500658624,276,Music,2009
569,Crafty Panda,19400000,5815657047,874,People & Blogs,2017
570,Cardi B,19400000,8247220188,118,People & Blogs,2016
571,??????? ??,19400000,5131510381,6,Education,2018
572,AMARINTV : ????????????,19400000,6641907304,75333,Entertainment,2014
573,Matt Larose,19400000,8187443111,193,Sports,2010
574,The Game Theorists,19300000,4205624815,707,Gaming,2009
575,Lil Nas X,19300000,6849860387,49,Music,2018
576,Calvin Harris,19300000,16913409888,84,Music,2007
577,La Rosa de Guadalupe,19200000,11562538907,10188,Entertainment,2015
578,Infobells Bangla,19200000,9888411728,454,Education,2016
579,Miley Cyrus,19200000,9018568412,173,Entertainment,2009
580,DM - Desi Melodies,19200000,6835759504,153,Music,2017
581,Like Nastya IDN,19200000,8150056348,596,Entertainment,2019
582,GuiGe,19200000,15761936502,3444,Entertainment,2020
583,Hasan Tarhan,19200000,18248487785,6659,People & Blogs,2017
584,zbing z.,19100000,10371733992,3605,Gaming,2014
585,Klara Tania,19100000,12027316616,2255,,2021
586,Lucan Pevidor,19100000,7770520039,1105,Entertainment,2021
587,Johny FamilyShow,19100000,8499139463,516,,2017
588,Go Ami Go!,19100000,3664393055,358,People & Blogs,2015
589,RsiamMusic : ????????,19100000,12199474592,3575,Music,2011
590,Apple,19100000,1199825598,188,Science & Technology,2005
591,Bollywood Classics,19000000,8527198394,1816,Entertainment,2011
592,Marmok,19000000,3706613857,403,Gaming,2008
593,Marques Brownlee,19000000,4303966471,1660,Science & Technology,2008
594,MissaSinfonia,18900000,2551831441,238,Comedy,2011
595,SQUEEZIE,18900000,10613161799,1658,Gaming,2011
596,tanboy kun,18900000,4189776121,866,People & Blogs,2016
597,Ali-A,18900000,6520801031,4362,Gaming,2006
598,MoreAliA,18900000,6154910540,2613,Gaming,2013
599,Mrwhosetheboss,18900000,5531450273,1699,Science & Technology,2011
600,Sony LIV,18900000,10046478803,21359,Entertainment,2014
601,shane,18900000,4372464230,572,People & Blogs,2005
602,CKN,18800000,12781291130,491,Entertainment,2015
603,NMF News,18800000,8581297334,128280,News & Politics,2013
604,Zuni and Family,18800000,7510142914,269,People & Blogs,2017
605,officialpsy,18800000,11311806982,131,Music,2010
606,Linh Nhi Shorts,18800000,17619441571,3131,Gaming,2013
607,Manual do Mundo,18700000,4379046136,2750,Howto & Style,2006
608,HikakinTV,18700000,12673587906,3528,Comedy,2011
609,Dan-Sa / Daniel Saboya,18700000,442421472,2298,Music,2007
610,GEN HALILINTAR,18700000,3692945639,1216,Entertainment,2015
611,PDK Films,18700000,4244000903,114,Entertainment,2009
612,BBC News Hindi,18700000,8439360989,26118,News & Politics,2009
613,Good Mythical Morning,18700000,9435066609,3687,Entertainment,2008
614,A2 Motivation by Arvind Arora,18700000,11650384113,4166,Entertainment,2017
615,El Reino a Jugar,18700000,12336829690,883,Education,2015
616,Colors Rishtey,18700000,15330393475,28611,Entertainment,2013
617,HUBA??,18600000,12466697850,706,Entertainment,2021
618,sagar kalra (Shorts),18600000,7358359577,533,People & Blogs,2017
619,KatieAngel,18600000,4078278185,942,People & Blogs,2015
620,Cheri's World,18500000,12035799889,1069,People & Blogs,2014
621,Diana Belitskay,18500000,14918128565,3468,People & Blogs,2014
622,SriBalajiMovies,18500000,10820526554,25588,Entertainment,2011
623,Mazhavil Manorama,18500000,20309689285,110201,Entertainment,2011
624,CoryxKenshin,18500000,7826364056,1693,Gaming,2009
625,Daily Dose Of Internet,18400000,10773869456,1042,Entertainment,2015
626,Sebastián Yatra,18400000,11403106692,248,News & Politics,2013
627,TheWillyrex,18400000,7106055957,7179,Comedy,2011
628,VICE,18400000,5085215602,4108,Entertainment,2005
629,RobleisIUTU,18400000,5574266682,1630,Entertainment,2013
630,BROTHERS VLOG,18400000,10307873462,1436,Entertainment,2014
631,INCRÍVEL,18300000,3333412664,8341,People & Blogs,2017
632,UFC,18300000,8091582411,17108,Sports,2006
633,Moosa Tv Info,18300000,16322768340,1027,Entertainment,2021
634,Gato Galactico,18300000,2297621531,1492,Film & Animation,2013
635,TheGrefg,18300000,6774853865,3939,Gaming,2012
636,Bon Bon Media,18300000,10894346692,2106,Entertainment,2021
637,LOL,18300000,3344430792,921,People & Blogs,2021
638,The Vishal bhatt,18300000,11923186923,1384,Comedy,2021
639,The ACE Family,18300000,4579292543,712,People & Blogs,2016
640,Lyna,18300000,7338916348,5285,Gaming,2014
641,Katakit Baby TV,18300000,7662086023,216,Music,2010
642,Travis Scott,18300000,9371918128,17,Music,2013
643,shakiraVEVO,18300000,27646549092,216,Music,2009
644,Pop Chartbusters,18200000,9546628100,2323,Music,2011
645,LukeDidThat,18200000,6865228994,295,Entertainment,2021
646,LEGO,18200000,22720532992,37594,Entertainment,2005
647,ZutiGang,18200000,18332797797,1460,People & Blogs,2021
648,Jomy Production,18200000,4953141699,515,Entertainment,2020
649,IGN,18200000,17672801253,163162,Gaming,2006
650,Liza Baez,18200000,5434690473,549,Entertainment,2021
651,Brawl Stars,18100000,2518529543,225,Gaming,2017
652,Dear Sir,18100000,1695425524,832,Education,2016
653,Jamuna TV,18100000,15747058718,137127,News & Politics,2017
654,T-Series Hamaar Bhojpuri,18100000,8952694275,10420,Entertainment,2011
655,Porta dos Fundos,18100000,8186797477,2536,Entertainment,2012
656,Jane ASMR ??,18000000,7654409411,2227,,2012
657,FACT FIRE KING,18000000,2446355505,1026,,2020
658,Demi Lovato,18000000,7175688230,327,Music,2008
659,THAIRATH TV Originals,18000000,16805472077,282241,News & Politics,2010
660,Lele Pons,18000000,5470896589,185,Comedy,2015
661,Luis Méndez,18000000,5520275509,1571,Comedy,2021
662,spider-maaaaaaan / ????????,17900000,13846527628,2336,Comedy,2022
663,Ivana Alawi,17900000,1512049734,210,,2018
664,TheBrianMaps,17900000,4779536199,517,Comedy,2012
665,Vlad and Niki ARA,17900000,8189441147,599,,2019
666,Juliana Baltar,17900000,4389881394,2420,Entertainment,2010
667,Aayu and Pihu Show,17900000,10562645898,546,Comedy,2017
668,Lahari Music - TSeries,17900000,13030902883,9175,Music,2011
669,TRANS TV Official,17800000,10212544067,159659,Entertainment,2014
670,Jose Comelon - Español,17800000,6887300392,401,Film & Animation,2017
671,???????? - Al-Remas,17800000,11144669053,2274,Music,2013
672,MGC Playhouse,17800000,16502478245,1573,Shows,2009
673,Queen Official,17700000,11397708642,1192,Music,2008
674,Lil Pump,17700000,4257839532,61,Music,2015
675,Adam W,17700000,13995224267,825,Comedy,2015
676,Anitta,17700000,8156291718,197,Music,2011
677,GMMTV OFFICIAL??,17700000,14913546031,27899,Entertainment,2010
678,FactTechz,17600000,2367166637,848,Entertainment,2016
679,Amara Que Linda,17600000,1699210517,519,People & Blogs,2014
680,ArianaGrandeVevo,17600000,21567730129,208,Music,2010
681,HowToBasic,17600000,3831738957,612,Howto & Style,2011
682,POPS Kids,17600000,11759885600,3476,Music,2014
683,???? ???????????,17600000,2688737254,431,Entertainment,2014
684,Arif muhammad,17600000,5117659679,655,People & Blogs,2017
685,iam_nandinirajput,17600000,6460361774,1676,Entertainment,2017
686,Ch7HD,17600000,10392319805,72112,Entertainment,2010
687,The MriDul,17500000,5375740119,188,Comedy,2015
688,???? ? ????,17500000,9590647604,1233,Shows,2017
689,David Dobrik,17500000,7240320538,536,People & Blogs,2014
690,Unspeakable,17500000,10435484461,906,Gaming,2016
691,Sanjoy Das Official,17500000,5837349198,2015,Entertainment,2015
692,Eli Kids - Cartoons & Songs,17500000,6537734400,855,,2018
693,With Kids[????],17500000,9225823623,987,Entertainment,2012
694,RCTI - LAYAR DRAMA INDONESIA,17400000,15559133709,85287,Entertainment,2015
695,SEVENGERS,17400000,13974073425,1178,Comedy,2018
696,KOMPASTV,17400000,13882495114,314530,News & Politics,2013
697,JFlaMusic,17400000,3901298435,363,Music,2011
698,StudyIQ IAS,17400000,5466542333,51742,Education,2015
699,Amaury Guichon,17400000,6007052704,329,Entertainment,2013
700,Nick DiGiovanni,17400000,9451697826,840,People & Blogs,2016
701,Dr Ryan,17400000,9544498458,1503,Education,2020
702,THE BROWN SIBLINGS,17400000,10241619386,1413,Entertainment,2016
703,Ian Boggs,17400000,11843814141,1618,Entertainment,2010
704,Vlad y Niki Show,17300000,6213338615,567,,2018
705,FC Barcelona,17300000,3427093029,12044,Sports,2006
706,Dental Digest,17300000,9678985275,412,People & Blogs,2020
707,Sony Music South,17300000,12541903163,3523,Music,2014
708,TWICE,17300000,6340582364,1578,Music,2016
709,Ray William Johnson,17300000,13203208346,2384,Entertainment,2008
710,Prajapati News,17200000,1060709142,1731,Comedy,2013
711,T3ddy,17200000,3366933800,2222,Comedy,2012
712,Netflix Jr.,17200000,10598535579,2443,Education,2012
713,Zee Music Classic,17200000,6430397171,1804,Music,2014
714,Gaby and Alex,17200000,8707985074,367,Entertainment,2012
715,AlJazeera Arabic  ???? ???????,17200000,10593175219,199891,News & Politics,2007
716,Stubborn Facts,17100000,904471519,308,Film & Animation,2016
717,PopularMMOs,17100000,14663742068,4688,Gaming,2012
718,CRAZY GREAPA,17100000,13940628954,1111,Entertainment,2017
719,Technoblade,17100000,1772953168,992,Gaming,2013
720,SRK MUSIC,17100000,7102202016,5264,Music,2012
721,Willyrex,17100000,5156821368,8131,Gaming,2009
722,Emilly Vick,17100000,6728308981,625,Science & Technology,2015
723,MY FAMILY,17100000,6824331366,334,,2019
724,NDTV India,17100000,7744226412,121346,News & Politics,2008
725,MK MUSIC,17000000,10777112972,6059,Music,2010
726,FailArmy,17000000,3922859787,566,Comedy,2011
727,Kaykai Salaider,17000000,4591022235,434,Comedy,2011
728,FunFun Toy Doll TV,17000000,7667214642,758,Entertainment,2016
729,MARIANA,16900000,2462326241,507,People & Blogs,2018
730,Blippi Español,16900000,10003499376,713,People & Blogs,2017
731,PowerfulJRE,16900000,3618742098,2833,People & Blogs,2013
732,Sierra & Rhia FAM,16900000,17362017478,3255,Entertainment,2020
733,Guava Juice,16900000,8833926986,1925,Gaming,2006
734,Red Bull,16900000,8771702549,6229,Sports,2006
735,Jennifer Lopez,16800000,10904993615,393,Music,2005
736,DeToxoMoroxo,16800000,2352786500,583,Entertainment,2012
737,Liza Koshy,16800000,2174008559,144,Comedy,2013
738,SportsNation,16800000,21270479110,5071,Sports,2009
739,RS 1313 SHORTS,16800000,9657519140,6627,Entertainment,2020
740,LuisFonsiVEVO,16800000,15082419545,109,Music,2009
741,Kim Loaiza,16800000,2072890604,32,Music,2019
742,Adaah Queen,16800000,6359001414,605,Entertainment,2020
743,???? ? ??????,16800000,10073805501,593,,2018
744,Pitbull,16800000,13468787907,501,Music,2006
745,Kashvi Adlakha,16800000,13659470145,1872,Entertainment,2017
746,Tu COSMOPOLIS,16700000,5136332286,10702,People & Blogs,2014
747,ABC News,16700000,14814668469,90322,News & Politics,2006
748,Zee Bangla,16700000,10183175071,132903,Entertainment,2008
749,RD facts,16700000,867775558,576,,2021
750,IDEAS EN 5 MINUTOS,16700000,3849012560,6223,Howto & Style,2017
751,E-MasterSensei,16700000,4503308919,1390,Gaming,2016
752,Oneindia Hindi | ???????? ?????,16700000,5413800418,163283,News & Politics,2015
753,Kuplinov ? Play,16700000,7741829082,6841,Gaming,2012
754,Volga Video,16600000,8965477647,6175,Film & Animation,2012
755,Doggy Doggy Cartoons,16600000,6531417919,4787,Entertainment,2012
756,Stray Kids,16600000,5132132095,1093,People & Blogs,2017
757,AdMe,16600000,4834201049,7996,Entertainment,2015
758,Werever2morro,16600000,2815974412,973,Entertainment,2007
759,EeOneGuy,16600000,3797888490,367,Entertainment,2013
760,Boyce Avenue,16600000,6849187521,564,Music,2007
761,Enterr10 Rangeela,16600000,8295804326,6535,Entertainment,2017
762,Kids Play,16600000,8566100979,640,Entertainment,2018
763,SAM SMITH,16600000,11152738475,294,Music,2012
764,Luli Pampín,16600000,12174762252,358,Music,2012
765,Think Music India,16600000,14289446905,5959,Music,2009
766,Bobon Santoso,16500000,2138463151,733,People & Blogs,2015
767,Jazzghost,16500000,7131814514,5804,Gaming,2012
768,Vlad and Niki PRT,16500000,7577217254,606,,2018
769,Sandra Cires Art,16500000,4100236189,1130,Howto & Style,2011
770,FitDance,16500000,7506243234,6066,Music,2013
771,JULIA GISELLA,16500000,6714705016,759,Entertainment,2020
772,Fact Brain 96,16500000,1593197187,788,People & Blogs,2023
773,JT Casey,16500000,2950932581,2212,Entertainment,2012
774,Antrax,16500000,3169242888,738,Gaming,2015
775,Mis Pastelitos,16500000,3546348690,714,Howto & Style,2014
776,Uman sayyed shorts,16500000,5293601292,4673,People & Blogs,2021
777,benja calero,16500000,5429389914,1582,People & Blogs,2019
778,Camila Cabello,16500000,7083060208,131,Music,2015
779,Anninha,16400000,3256011960,1304,People & Blogs,2021
780,XpressTV,16400000,4696337822,800,Entertainment,2014
781,Diosdado Juarez,16400000,7653546457,1498,Gaming,2015
782,CNN,16400000,15968596381,165316,News & Politics,2005
783,Czn Burak,16400000,6983031453,597,People & Blogs,2016
784,Matt Stonie,16400000,3667302974,445,Entertainment,2012
785,Team Films Bhojpuri,16400000,6843464940,20064,Music,2014
786,Camilo,16400000,7527509677,211,Music,2010
787,Little Mix,16400000,7838466387,278,Music,2011
788,tiyaa_ningwal_official,16300000,5073239100,694,Entertainment,2016
789,MNCTV OFFICIAL,16300000,8739257969,75978,Entertainment,2012
790,JJ Olatunji,16300000,4282961747,1358,Gaming,2011
791,Dyland PROS,16300000,1610613458,3505,Entertainment,2015
792,Gyan Gaming?,16300000,2597972149,3786,Gaming,2017
793,W2S,16300000,4824364144,653,Gaming,2012
794,RupalChoudhary TD,16300000,4895925247,1441,People & Blogs,2019
795,Behindwoods TV,16300000,18859279725,80378,Entertainment,2010
796,BanderitaX,16300000,4969150550,1807,Gaming,2013
797,Manish Sahu 47,16200000,6791331516,2321,,2020
798,Noel Robinson,16200000,9186964704,1589,Entertainment,2015
799,Indore Physical Academy,16200000,4880468649,2490,People & Blogs,2014
800,EdisonPts,16200000,7646072887,3976,Gaming,2013
801,pets swag,16200000,2299232359,883,Pets & Animals,2021
802,Canal IN,16200000,2769855590,722,People & Blogs,2017
803,ExtraPolinesios,16200000,4924438095,516,People & Blogs,2012
804,Enes Batur,16200000,9994260845,1986,Gaming,2012
805,ABS-CBN News,16200000,11381397545,230655,News & Politics,2009
806,Ryan Trahan,16100000,3352823471,385,Entertainment,2013
807,Live,16100000,0,0,,2015
808,BBC News,16100000,5358289080,21954,News & Politics,2006
809,Mobile Legends: Bang Bang,16100000,1832674513,3005,Gaming,2016
810,???? ??????? ?? 5 ?????,16100000,5080212603,5913,Howto & Style,2017
811,5-Minute Crafts FAMILY,16100000,6489910368,4946,People & Blogs,2018
812,Tonni art and craft,16100000,7222595934,1494,Howto & Style,2017
813,50 Cent,16000000,11468856478,423,Music,2007
814,Little Angel - Músicas Infantis em Português,16000000,9969556774,933,Entertainment,2018
815,Harsh Beniwal,16000000,1947729386,169,Comedy,2015
816,Alexa Rivera,16000000,4194634184,339,Howto & Style,2010
817,Su Hao,16000000,16496696660,2765,People & Blogs,2017
818,Rebecca Zamolo,16000000,7485027100,1010,Comedy,2011
819,infobells - Kannada,16000000,7637751216,532,Education,2014
820,??????,16000000,9570169528,2545,Gaming,2013
821,The Dodo,16000000,12209733991,9301,Pets & Animals,2014
822,Henrique e Juliano,16000000,16831618019,350,Music,2009
823,Merrick Hanna,15900000,11415619856,1217,Entertainment,2015
824,STAR ????,15900000,11628895913,32324,People & Blogs,2007
825,Crescendo com Luluca,15900000,5894914452,1532,Entertainment,2015
826,Ju Araújo,15900000,4790481049,11969,Entertainment,2015
827,WinnerMax,15900000,3982919340,1524,Gaming,2020
828,????8 : Thai Ch8,15900000,5363221494,32495,Entertainment,2011
829,Hongyu ASMR ??,15900000,5685484488,773,People & Blogs,2018
830,Geo News,15900000,7419823287,234089,News & Politics,2007
831,Anh C? C?i,15900000,10697839636,2784,Entertainment,2020
832,Genierock,15900000,15452673149,1948,Music,2008
833,DopeLyrics,15800000,10047044515,2045,Music,2016
834,jeffreestar,15800000,2594354858,433,Howto & Style,2006
835,Veritasium,15800000,2700349686,401,Education,2010
836,LOKESH GAMER,15800000,1756697267,1650,Gaming,2017
837,wifistudy by Unacademy,15800000,3108961621,55803,Education,2014
838,Talking Tom & Friends TV,15800000,6706790591,590,Entertainment,2010
839,Rotten Tomatoes Trailers,15800000,13406268457,11236,Film & Animation,2011
840,Dave and Ava - Nursery Rhymes and Baby Songs,15700000,11444906587,995,Education,2014
841,Kerajinan 5-Menit,15700000,4978833058,4907,People & Blogs,2018
842,FFUNTV,15700000,11835283243,383,Gaming,2018
843,Linus Tech Tips,15700000,7850863855,6901,Science & Technology,2008
844,Daftar Populer,15700000,2318000468,4602,Education,2017
845,PrestonPlayz,15700000,6526734077,1024,Gaming,2018
846,Lana Del Rey,15700000,8248273983,45,Music,2011
847,zayn,15700000,5252324745,61,Music,2016
848,Niana Guerrero,15700000,1595099060,478,Entertainment,2013
849,CrashCourse,15700000,1983129225,1548,Education,2006
850,NANDO,15700000,2068052072,397,People & Blogs,2018
851,melanie martinez,15700000,4884451701,132,Music,2007
852,Super Senya,15700000,5190988670,482,Entertainment,2016
853,Rakib Hossain,15700000,5723494123,565,People & Blogs,2015
854,LittleGlove,15700000,15329896457,2062,People & Blogs,2020
855,NITIN FREE FIRE,15600000,2553973882,867,Gaming,2019
856,BIBO ? ???????,15600000,1553208885,222,Entertainment,2019
857,Apu Alone,15600000,17900954194,4731,Comedy,2021
858,Woody & Kleiny,15600000,14485580711,1142,Comedy,2013
859,Zee Telugu,15600000,11700084399,146956,Entertainment,2008
860,Crazy Frog,15600000,9185890228,49,Music,2009
861,Albertisment,15600000,2458778243,763,Entertainment,2018
862,Karen Bustillos,15600000,2105036453,533,Entertainment,2020
863,Prashant Sharma Entertainment,15600000,3288555713,767,People & Blogs,2016
864,PlayStation,15600000,5228012280,22520,Gaming,2005
865,Mohamed Ramadan I ???? ?????,15600000,5765971865,789,People & Blogs,2014
866,Caylus,15600000,6305834973,1668,Education,2016
867,Free Fire India Official,15500000,2473107603,1794,People & Blogs,2018
868,Caeli YT,15500000,1451245873,492,Entertainment,2010
869,ZEE5,15500000,20144704324,126987,Entertainment,2018
870,Zé Neto e Cristiano,15500000,13195463325,451,Music,2012
871,Alextis,15500000,2153991157,537,Entertainment,2018
872,NH Studioz,15500000,4738145698,3589,Film & Animation,2011
873,AlArabiya ???????,15500000,9735489938,212201,People & Blogs,2006
874,O Reino Infantil,15500000,10586073783,1158,Music,2014
875,Bihari Ladka,15500000,9401647377,759,Gaming,2017
876,League of Legends,15400000,7943258589,1455,Gaming,2009
877,It's Mamix,15400000,1757551195,190,People & Blogs,2017
878,Desi Gamers,15400000,2451855099,1418,Gaming,2015
879,PANDA,15400000,2000333524,255,Comedy,2015
880,ARGEN,15400000,8236474470,3746,Entertainment,2021
881,Camila Loures,15400000,5278902689,4539,Music,2014
882,Cosmo TV,15400000,282050381,72,People & Blogs,2023
883,NOBRU,15400000,522294830,839,Gaming,2016
884,Sumon Stunts,15400000,4139965032,716,Entertainment,2016
885,Makiman131,15400000,4344789012,3164,Gaming,2013
886,El Tío Néstor,15400000,5330320139,1219,Sports,2018
887,XDSchool,15400000,5530746297,2431,Gaming,2020
888,Aadishakti Films,15400000,6703487898,4895,Music,2016
889,Telemundo,15400000,9269007221,20091,Entertainment,2007
890,The McFive Circus,15400000,11131451828,3441,People & Blogs,2015
891,FAMILY BOOMS,15400000,15148269567,1428,Entertainment,2021
892,Come Play With Me,15400000,18078468440,461,Entertainment,2014
893,karameeshchannel,15300000,10633156378,2386,Entertainment,2012
894,Elvish yadav,15300000,1451268824,189,Comedy,2016
895,Zig & Sharko,15300000,9604256548,1185,Film & Animation,2015
896,???? ????,15300000,7345513217,2665,Howto & Style,2015
897,SuperHero Kids,15300000,5444376081,468,People & Blogs,2015
898,Jagdish Comedian,15300000,2128337863,408,Comedy,2022
899,Yarook_Malik22,15300000,3868576449,747,People & Blogs,2022
900,Coke Studio Pakistan,15300000,4664006562,692,Music,2014
901,Saad Lamjarred | ??? ?????,15300000,4736031607,180,Music,2012
902,Roman Atwood Vlogs,15300000,5557422397,1940,People & Blogs,2013
903,H&T Official,15300000,7247727470,833,Entertainment,2020
904,RobTopGames,15200000,459874033,57,Gaming,2012
905,Acenix,15200000,2642356633,458,Gaming,2014
906,Airrack,15200000,2960865908,223,Entertainment,2015
907,Musas,15200000,2457541402,651,Howto & Style,2012
908,Ranz Kyle,15200000,1823067264,564,People & Blogs,2008
909,???? ?? ???????,15200000,6648937047,1460,Shows,2014
910,Oyuncak Av?,15200000,4247926362,241,Entertainment,2014
911,Jooj Natu,15200000,9885107430,1359,Entertainment,2021
912,Mariale,15200000,2962153136,3611,Howto & Style,2010
913,RaptorGamer,15200000,3164658206,1809,People & Blogs,2016
914,MattyBRaps,15200000,4027964840,201,Music,2010
915,TazerCraft,15200000,6184139033,4179,Gaming,2011
916,Kwebbelkop,15200000,7026399294,5182,Gaming,2008
917,Little Treehouse Nursery Rhymes and Kids Songs,15200000,7164518446,1819,Education,2015
918,?????,15200000,8283879019,2134,People & Blogs,2023
919,?????????,15200000,8333095749,847,People & Blogs,2015
920,GMM25Thailand,15200000,8970654042,77602,Entertainment,2011
921,penguinz0,15200000,9708286020,5399,Gaming,2007
922,Doc Tops,15100000,2220330563,413,Entertainment,2014
923,The Slow Mo Guys,15100000,2624112032,345,Entertainment,2010
924,gogo 2728,15100000,6548606239,774,People & Blogs,2021
925,Goldmines Premiere,15100000,1851188432,1428,Entertainment,2013
926,Lachlan,15100000,5557210346,3914,Gaming,2013
927,T-Series Regional,15100000,5663151556,15116,Entertainment,2011
928,BIGBANG,15100000,8360905291,776,Music,2005
929,Meghan Trainor,15100000,9204751237,375,People & Blogs,2008
930,Jorge & Mateus Oficial,15100000,10091786780,347,Music,2008
931,Fueled By Ramen,15000000,14044081436,1222,Music,2006
932,????/Atro,15000000,2852824212,2237,Gaming,2017
933,Auron,15000000,3928979780,1170,People & Blogs,2013
934,MoniLina,15000000,17619659811,872,Comedy,2021
935,MC Divertida,15000000,6386701547,528,Entertainment,2018
936,DRJ Records Specials,15000000,3591430864,4736,People & Blogs,2017
937,Mythpat,15000000,3468578984,395,Entertainment,2018
938,iTownGamePlay *Terror&Diversión*,15000000,5098017609,8990,Entertainment,2012
939,Like Nastya Stories,15000000,7279605011,574,Entertainment,2019
940,Zee Tamil,15000000,11479393847,124095,Entertainment,2008
941,O Que Não Dizer Oficial,14900000,2456843000,892,Comedy,2015
942,???,14900000,439098,1,People & Blogs,2008
943,Major Lazer Official,14900000,9775511306,464,Music,2009
944,AdeleVEVO,14900000,13299441758,52,Music,2009
945,Canal Nostalgia,14900000,1556179471,445,Entertainment,2008
946,5-Minute Crafts Recycle,14900000,9196548548,5000,People & Blogs,2019
947,Family Fitness,14900000,11746415730,2189,Entertainment,2017
948,TheRichest,14900000,2738786680,2371,Education,2014
949,ERB,14900000,4143965239,88,Entertainment,2006
950,Kids TV India Hindi Nursery Rhymes,14900000,7296656358,1912,Shows,2014
951,Ethan Funny Family,14900000,8500128407,802,Entertainment,2020
952,Luke Davidson,14900000,12301079787,1265,Entertainment,2012
953,Wish 107.5,14800000,6674573150,2059,Music,2014
954,Kendrick Lamar,14800000,7045416792,25,People & Blogs,2018
955,Hear This Music,14800000,9796558482,45,Music,2016
956,Dropout,14800000,7049394617,4566,Comedy,2006
957,Harry Styles,14800000,6536585799,17,People & Blogs,2017
958,Chad Wild Clay,14800000,7023513743,748,Comedy,2006
959,Gustavo Paródias,14800000,3648102252,2427,Comedy,2014
960,TommyInnit,14800000,2398111006,469,Gaming,2015
961,Hacksmith Industries,14800000,2474561274,1104,Science & Technology,2006
962,Vivek Bhardwaj,14800000,5353257975,737,,2021
963,GMA Integrated News,14800000,11143188533,333517,News & Politics,2007
964,ETV Jabardasth,14800000,14699394856,11735,People & Blogs,2015
965,janin al chair,14800000,8674860996,848,Comedy,2017
966,Codiscos,14700000,14169798547,7611,Music,2007
967,Neha Kakkar,14700000,2316453260,170,Music,2012
968,????? ??????,14700000,2253926552,1463,Entertainment,2016
969,Maha Fun Tv,14700000,1368047340,88,Entertainment,2017
970,?? ??? Om sayf,14700000,6627595314,579,People & Blogs,2017
971,Tonde Gamer,14700000,3829981306,2743,Gaming,2019
972,DangMattSmith,14700000,3462758906,2098,Entertainment,2011
973,Ornella Zocco,14700000,11618173117,7284,People & Blogs,2020
974,Martin Garrix,14700000,6409242577,402,Music,2011
975,Narins Beauty,14700000,2370074528,450,Howto & Style,2014
976,Atlantic Records,14700000,13618146344,1939,Music,2006
977,Blockbuster Movies,14700000,3173693137,1292,Entertainment,2016
978,English Connection,14700000,2767627862,1554,Education,2015
979,Planeta das Gêmeas,14700000,3761016160,698,People & Blogs,2015
980,Fifth Harmony,14700000,8285403186,67,Music,2013
981,Harsha Sai - For You Hindi,14600000,2934180496,113,Entertainment,2021
982,shadab5star,14600000,4831774180,999,Entertainment,2020
983,Vogue,14600000,4817218231,3599,Entertainment,2008
984,Typical Gamer,14600000,4862856140,5063,Gaming,2008
985,Sonyakisa8 TT,14600000,9976749702,258,Pets & Animals,2021
986,Ali Anas Khan,14600000,3054947003,785,Entertainment,2020
987,Kaleb Andri,14600000,3369622876,1815,Entertainment,2020
988,Reaction Time,14600000,4471719873,1748,Entertainment,2015
989,TV Ana Emilia,14600000,4973757744,787,People & Blogs,2014
990,Boram Tube ToysReview [???? ????],14600000,5078122352,646,People & Blogs,2016
991,Chota Ali vlogs,14600000,5146087526,3030,,2021
992,Jack Doherty,14600000,5660401662,1849,Sports,2016
993,Diana and Roma IND,14600000,6468392124,618,,2019
994,Gallina Pintadita,14600000,10531217864,64,Music,2011
995,LEGENDA FUNK,14500000,2362142256,6151,Music,2013
996,Peppa Pig em Português Brasil - Canal Oficial,14500000,5040493786,1657,Film & Animation,2014
997,Bie The Ska,14500000,4924884083,1832,Entertainment,2006
998,Cyprien,14500000,3194240254,252,Comedy,2007
999,YANA CHIRKINA,14500000,10487538339,2189,Sports,2018
1000,Tayo Bus Kecil - Tayo Bahasa Indonesia,14500000,7251267100,1260,Film & Animation,2016
